ts,token_id,cid,question,tag,budget_daily,min_size,max_spread,best_bid,best_ask,mid,depth_bid_range,depth_ask_range,n_bid_levels,n_ask_levels
2026-07-10T14:36:50+00:00,83103110862891371990631630559791749880243542044953060313401248488959361786529,0x983a78a5074b05bc499406aab3bf4b1395f86b58fffa331bd2887416103d32ea,Will the lowest temperature in New York City be between 76-77°F on July 10?,Weather,674.0,50.0,4.5,0.8,0.9,0.85,0,0,0,0
2026-07-10T14:36:50+00:00,59138212483456380103186847911337801149622697218908006746498988953449096318449,0x1be54628924141f13d57e4cb000c05b1868f05b4b0321f6401cf20ed367738c5,Will the highest temperature in Los Angeles be between 74-75°F on July 10?,Weather,447.0,50.0,4.5,0.57,0.58,0.575,427.49,635.39,4,4
2026-07-10T14:36:50+00:00,59419408647951976409280567122889815166496425768238806481125349798902464106240,0x178953e0f5881d0f99779833c3b4e361fcfdf2b2ff3663768029d8ccd400ed61,Will the highest temperature in New York City be between 86-87°F on July 10?,Weather,352.0,50.0,4.5,0.35,0.37,0.36,34.88,53.43,2,4
2026-07-10T14:36:50+00:00,22558883397258457419594746481884305428746123436148799554145371086281761764807,0x3b841c1c338a6ac874f8fc0da6ac2a889f8713c829d73dd9890e48adf869c1b8,Will the highest temperature in Amsterdam be 27°C on July 10?,Weather,300.0,50.0,4.5,0.62,0.74,0.68,0,0,0,0
2026-07-10T14:36:50+00:00,78197115599958846794978742716007269621575735945360221784244449925261388530767,0x685154c635cdab9a3c69029df4f5b41fbc77be21c84fffd4450a7ec55c7314fa,Will the highest temperature in New York City be between 88-89°F on July 10?,Weather,288.0,50.0,4.5,0.39,0.42,0.405,82.89,127.29,3,4
2026-07-10T14:36:50+00:00,28233442493977302117802757395633869435769867708300011944416676320367357314158,0x91a8141e402243cc6a850a04d117531dc5290e5eaf2b0c7bea86a6d7ce4fa888,Will the highest temperature in Warsaw be 18°C on July 10?,Weather,248.0,50.0,4.5,0.8,0.85,0.825,158.5,105.16,2,2
2026-07-10T14:36:50+00:00,13844393638149425393667975989174827457053455518308942516510120319926067994747,0xac494122ec1bd0f579e259978fcff573406820f05f46dc5375d067761dc260fa,Will the highest temperature in Dallas be between 98-99°F on July 10?,Weather,238.0,50.0,4.5,0.65,0.68,0.665,177.53,236.89,3,4
2026-07-10T14:36:50+00:00,107838381512588835854187219803919964102229068312133608189017200685900592403976,0x9b2dacd97a9c467d6898c09656bfc285972213789b2f8dd9511d8be2d64bd315,Will the highest temperature in Sao Paulo be 26°C on July 10?,Weather,237.0,50.0,4.5,0.46,0.51,0.485,16.7,33.82,1,2
2026-07-10T14:36:50+00:00,85682261556318588156362205181467018870491355859005890289213875934255242861858,0xcfdce6c889cbb51d1122f984dc399cc9bb5c3d37c6ff82b84033d8060d7c3182,Will the highest temperature in Denver be between 90-91°F on July 10?,Weather,231.0,50.0,4.5,0.406,0.459,0.4325,43.1,241.91,5,3
2026-07-10T14:36:50+00:00,83292951964083322752918145378378156977289972376005244948805563132072694341590,0xe04f32876c6d0b60df830d3d0320b3f17666c73e5a6ca504cb7e0a3e1c6d0137,Will the highest temperature in Toronto be 27°C on July 10?,Weather,230.0,50.0,4.5,0.54,0.57,0.555,407.35,5.7,4,1
2026-07-10T14:36:50+00:00,14816272947903890102817084862154022760329008962711706843349979885389413460583,0x1ebee8a8294d58b55b2f644ec552dde611155ed7a82337e70cbc40a14bf8ff4b,Will the highest temperature in Miami be between 92-93°F on July 10?,Weather,226.0,50.0,4.5,0.63,0.7,0.665,18.9,3.5,1,1
2026-07-10T14:36:50+00:00,19362754544658303335961172427990732517391108992708765196400335557634711931396,0xdc97333dcbb857b44680267a7cecb6ffc46d3ceb194bfe1d23a58eb10eae2659,Will the highest temperature in Chicago be between 82-83°F on July 10?,Weather,219.0,50.0,4.5,0.45,0.5,0.475,15.97,50.5,1,2
2026-07-10T14:36:50+00:00,60626187264928837041232433743975987552014830388094407338281946660554811530195,0x5a918888250c91a8b0bc9921d639798ffcdfb7abed8355f560283b9d76a129d8,Will the highest temperature in Houston be between 92-93°F on July 10?,Weather,216.0,50.0,4.5,0.46,0.54,0.5,25.81,29.7,1,1
2026-07-10T14:36:50+00:00,97073873502688582868531842119284046747202934754963515141348953857295783432522,0x5af5f15a673221e700981cc807ff336a56606c9439a5053ef7753f5eb2db8c43,Will the highest temperature in Paris be 35°C on July 10?,Weather,215.0,50.0,4.5,0.88,0.94,0.91,41.17,143.03,2,2
2026-07-10T14:36:50+00:00,42829101633431515688664241119762068456629420636197230409530835741798273208597,0x0476b592b1ae12bab28c8ee0fd900d362e688637e7bf27341f76b7d54656393c,Will the highest temperature in Atlanta be between 92-93°F on July 10?,Weather,213.0,50.0,4.5,0.5,0.54,0.52,270.45,69.16,3,3
2026-07-10T14:36:50+00:00,4325598429064032261469337427100729716838569885633505137771228388412295180618,0xe2ab86e7cb357bea6d34654b8f4582ea2bc1f6703a4de9c605948b311fbe354f,Will the lowest temperature in London be 21°C on July 10?,Weather,212.0,50.0,4.5,0.51,0.54,0.525,29.4,33.61,2,2
2026-07-10T14:36:50+00:00,56062147772196578578827358619956606125043703355348491572902295447639362884234,0xeb9392daa75643ea9e626434b487569f839ee12fe3e1fa8d424d2e27dd45e1bc,Will the highest temperature in Madrid be 36°C on July 10?,Weather,210.0,50.0,4.5,0.66,0.72,0.69,37.78,22.85,2,1
2026-07-10T14:36:50+00:00,82979175830643180134322397706346889313211593898939084773967336624878332482741,0x3ebb80dbedc551b3b35c02b3df90ceea42dfcb4ce440a2d0792109d50e9915fc,Will the highest temperature in Wellington be 10°C on July 11?,Weather,206.0,50.0,4.5,0.62,0.63,0.625,1434.13,798.46,5,5
2026-07-10T14:36:50+00:00,66122327509482143023286998991344136479511653174282165812295139612296461926608,0xe58e9e3672c5891711b455a386a52c0c9af1e26c67bcfa8a1a0858afa67b551c,Will the highest temperature in Milan be 33°C on July 10?,Weather,205.0,50.0,4.5,0.76,0.79,0.775,47.33,199.65,2,2
2026-07-10T14:36:50+00:00,88088969029748334690584291695254158556702895958782967520802424342420736394988,0x123e164bc6fc6e18adf7895fda889baa50e6595f0465178bbef5834a51f6ece0,Will the highest temperature in Austin be between 94-95°F on July 10?,Weather,200.0,50.0,4.5,0.42,0.44,0.43,327.57,6.57,3,3
2026-07-10T14:36:50+00:00,80636686604483720461244104246127824266539769122852843900244527365012437851666,0x48a2a4fa7881eb0b80814a78e80818d765b90167603de484a793b303cc2d74e2,Will the highest temperature in Wellington be 11°C on July 11?,Weather,194.0,50.0,4.5,0.34,0.35,0.345,777.01,763.68,5,4
2026-07-10T14:36:50+00:00,51281675732782497496234299081088979269133918440408621951735127010930794448936,0x016ecad54eb10f82353f5564a4b1198f44eb2409b89a7145a6f80385556a2bfc,Will the highest temperature in Buenos Aires be 14°C on July 10?,Weather,193.0,50.0,4.5,0.43,0.46,0.445,166.35,19.29,4,2
2026-07-10T14:36:50+00:00,38647785874727660605673676857159827758271775604634768934168954909477181819036,0xc0151556c04bc579d994116c800652b3800221ec4c9cf42f61479e1c2f6c24db,Will the highest temperature in San Francisco be between 66-67°F on July 10?,Weather,192.0,50.0,4.5,0.41,0.42,0.415,783.57,564.92,3,4
2026-07-10T14:36:50+00:00,57437959948405952303299462074355177346100632389048504570681812324328040448302,0x4c15468ab7edf835b74a09b9d214c5d949dd81d5dfb8e924969fd702803e1924,Will the highest temperature in Munich be 29°C on July 10?,Weather,190.0,50.0,4.5,0.42,0.6,0.51,0,0,0,0
2026-07-10T14:36:50+00:00,20641897028289033044116590956457227237607331408810567120821030168963499632631,0xaf386cf59b3753293b1662fdd62d0e883b0915b3820af3e0b4cf4127a781f2ba,Will the highest temperature in Madrid be 37°C on July 10?,Weather,190.0,50.0,4.5,0.29,0.32,0.305,17.89,107.45,3,3
2026-07-10T14:36:50+00:00,80899906491826643889617557228728333981156261684176964645872219213075407107703,0x362d003a6a00193243d90a376f7ce37d5b65032d71d74bd5aa3cfc6615740727,Will the highest temperature in Mexico City be 25°C on July 10?,Weather,190.0,50.0,4.5,0.42,0.44,0.43,323.56,415.77,3,3
2026-07-10T14:36:50+00:00,16693198892979738180649001743131164027256141500669878040260236156025176449467,0x14a8f7d310ede26e9239207683df1706f3b3219ad847dd202e11a6557c679927,Will the highest temperature in Austin be between 92-93°F on July 10?,Weather,189.0,50.0,4.5,0.32,0.4,0.36,2.0,2.0,1,1
2026-07-10T14:36:50+00:00,76883223413443244283722141832871785035364545854525994321681389487892126794384,0x0df1051a67c3f163eb668f68f1d18b8fb2ef67cb8dad62cc6ca6e3b0509d189e,Will the lowest temperature in London be 20°C on July 10?,Weather,188.0,50.0,4.5,0.233,0.319,0.276,11.88,16.27,1,1
2026-07-10T14:36:50+00:00,90165563800127730169300012876979405160360370023560233615603760659461725064247,0x25e681b71f4bf4acbfe99a9b52a86ea7103803b18607bd7bc12cdd3255cd6d0e,Will the highest temperature in Panama City be 31°C on July 10?,Weather,185.0,50.0,4.5,0.41,0.44,0.425,4089.76,430.91,4,4
2026-07-10T14:36:50+00:00,40418686716969640128452332784983774305896089670300544782703824402669091277827,0x925332d66587e031ad8a459618276e61da779668246a3d85ac823d6e6a2ee7a4,Will the highest temperature in Milan be 34°C on July 10?,Weather,184.0,50.0,4.5,0.17,0.2,0.185,3.67,14.68,3,2
2026-07-10T14:36:50+00:00,73193170380524449622520149921634606644716387025627680380437805398927753670890,0x8ddb237850a033a76bb55447ed1e2682b9458f8dadfb0256f9e5f3c46f955877,Will the highest temperature in Miami be between 90-91°F on July 10?,Weather,184.0,50.0,4.5,0.24,0.25,0.245,33.59,45.16,3,2
2026-07-10T14:36:50+00:00,52305225314470191168246964449912373305468059457926769646587565084446270002051,0xa0027dc8a552244825bc542671d14aed260e1314af14461c6babb852aff8e5d1,Will the highest temperature in Warsaw be 19°C on July 10?,Weather,183.0,50.0,4.5,0.13,0.21,0.17,5.85,26.75,1,1
2026-07-10T14:36:50+00:00,104157938235700753179704831553991547018736442677984189507697892047433614543938,0x8f61d21fd95865e99810bc4b8de956888279aa3910e01e750040d2d0719b4676,Will the highest temperature in Helsinki be 21°C on July 10?,Weather,181.0,50.0,4.5,0.673,0.747,0.71,5.34,63.55,1,3
2026-07-10T14:36:50+00:00,8396977103848846661598629852358261835890641839254680913054596842269885343882,0xf3c2ff6e01faa5fcee12f1d0c8196ed5128fc8fcb5eee67ef4f4327c13d15194,Will the highest temperature in Seattle be between 76-77°F on July 10?,Weather,178.0,50.0,4.5,0.438,0.439,0.4385,58.25,158.83,1,8
2026-07-10T14:36:50+00:00,30069774379069241856293878719456407428976145602949995366555656812578950457407,0x7c81299d9d313b9c161f02692baedbae01ece11b3a69d2d4fd4afbd4394bd15a,Will the highest temperature in Munich be 28°C on July 10?,Weather,176.0,50.0,4.5,0.31,0.33,0.32,27.94,156.63,4,3
2026-07-10T14:36:50+00:00,77248019629404717144421964923615379079611073619706019670791785032331121249236,0x676991e8353740cf0e43e868d03d403b661bd373ce882de2e2db8280474e8862,Will the highest temperature in Los Angeles be between 76-77°F on July 10?,Weather,176.0,50.0,4.5,0.18,0.239,0.2095,25.58,44.94,2,5
2026-07-10T14:36:50+00:00,97671362544562753431230697696534679990615251070510670014878297391653611405657,0x6ac665f09a1c998e766dd750ba8680a00d4c04b43d6595d200593d17df8b20e2,Will the highest temperature in Dallas be between 100-101°F on July 10?,Weather,166.0,50.0,4.5,0.24,0.28,0.26,3.89,16.74,1,2
2026-07-10T14:36:50+00:00,50130257260644129194950165733327899106963187855743080222326422325502781627964,0xb746fb6e82f2553f9a57f537a6ea53a8aa4f0d788c1b8e46b63a4a58cfebb6e6,Will the highest temperature in Los Angeles be 73°F or below on July 10?,Weather,165.0,50.0,4.5,0.131,0.205,0.168,1.97,34.9,1,2
2026-07-10T14:36:50+00:00,78239556500400753502732707834893681594690491348206177062840064573415750341616,0x47991061b0858ff461d4fad5ede3fae80e96e4458093bbb22c1b241af9164397,Will the highest temperature in Sao Paulo be 27°C on July 10?,Weather,161.0,50.0,4.5,0.38,0.44,0.41,58.32,89.5,2,2
2026-07-10T14:36:50+00:00,34192904500320192137107924741507519043633468137511630076121859653941517189246,0xef70dd8040b074b02289ff2aa4f6582bff0351ed3b28cea1b789a0f1a09d4033,Will the highest temperature in Seattle be between 74-75°F on July 10?,Weather,161.0,50.0,4.5,0.35,0.36,0.355,4241.41,401.34,5,4
2026-07-10T14:36:50+00:00,13915768933016081067984314425910866798442811778629518542105031902505420188076,0xc90c09438ad73193bf1b3a82e9f1aa32831271dfd705e6a0f025928145a94662,Will the highest temperature in Helsinki be 22°C on July 10?,Weather,160.0,50.0,4.5,0.25,0.26,0.255,85.12,43.39,2,2
2026-07-10T14:36:50+00:00,76435045723546377541806024844901046023096236841511375568364651450869856077426,0xbf28ff658c71ca8a2b8ca470527b1dd5bf024156137db8006f7cbe1785e5ac2a,Will the highest temperature in Denver be between 88-89°F on July 10?,Weather,159.0,50.0,4.5,0.35,0.39,0.37,232.1,227.06,3,3
2026-07-10T14:36:50+00:00,69743944965610980673922798871597517589461691867841118811633432189984981314449,0x21ebfe4538cd11a01541b278e41d8b57c23e2f1aa3beb93f184491353eb652ad,Will the lowest temperature in Miami be between 84-85°F on July 10?,Weather,151.0,50.0,4.5,0.27,0.37,0.32,0,0,0,0
2026-07-10T14:36:50+00:00,34882538232216981674861364288196375060977817615412619086749960338662642622953,0xca37537b75da58ad580db0be19729df90e23f9b661e6e23cfcd5c0c8faea0283,Will the highest temperature in Atlanta be between 90-91°F on July 10?,Weather,147.0,50.0,4.5,0.32,0.36,0.34,177.54,135.28,3,3
2026-07-10T14:36:50+00:00,108673640298712286818808289175171337614922138055876498867562664167673318260207,0x1bd1429aecf36c9c8b41bd4bfda7ff193fbfb11df08d97135a3002897a39a329,Will the highest temperature in Paris be 36°C on July 10?,Weather,139.0,50.0,4.5,0.06,0.07,0.065,30.04,11.06,4,5
2026-07-10T14:36:50+00:00,106879061982271856566524678330029951670755420833616490557396812670426684762200,0x52b37b99e266324381d5d3e540286adbefd68f3f6520ba112b1131661ee774b7,Will the highest temperature in Toronto be 28°C on July 10?,Weather,129.0,50.0,4.5,0.25,0.27,0.26,101.71,12.11,4,2
2026-07-10T14:36:50+00:00,81909523501438715147446043092852329878946282443099973223297385275527017126349,0x58bf55c981347a41ea87ed67b91f98cda0bf7820a3e4cf6a25b917794cb9f442,Will the lowest temperature in New York City be between 74-75°F on July 10?,Weather,126.0,50.0,4.5,0.1,0.12,0.11,5.5,17.13,2,2
2026-07-10T14:36:50+00:00,1919365247702667797853770295075861881512892104615273554494239267816664934444,0xde296ef5ce252c6cbdce82f08b4c4badc5cd57ab19f15b2964502d128f46574e,Will the highest temperature in Panama City be 30°C on July 10?,Weather,125.0,50.0,4.5,0.29,0.32,0.305,153.71,481.06,3,4
2026-07-10T14:36:50+00:00,113269180159993000270140867708140591327214849433716580052937375362394548975566,0x14bc582d1c367064ea311336f7b452ae0dd673960549dbdca6df99d6862742b5,Will the lowest temperature in Miami be between 82-83°F on July 10?,Weather,125.0,50.0,4.5,0.22,0.24,0.23,14.9,26.7,2,2
2026-07-10T14:36:50+00:00,88504434198290365222731237156430119434171196681078153096413558678031678042124,0x6f3cbc08e1068bc3a0547798271d4014363fcc585d87e146bd82fcbd3eec18cf,Will the highest temperature in Chicago be between 80-81°F on July 10?,Weather,122.0,50.0,4.5,0.29,0.3,0.295,376.21,374.38,4,4
2026-07-10T14:36:50+00:00,2057322358289380334659403091935992826069546145407143423185748587316275862512,0x1ea09c402c85cca4c87f956adefc4860f582c7d78b6cba67db8c84912f8708cf,Will the lowest temperature in Shanghai be 27°C on July 11?,Weather,119.0,20.0,4.5,0.48,0.52,0.5,78.73,34.46,3,2
2026-07-10T14:36:50+00:00,59376991651101126929797670954874466421432714051107727625747577641042473668657,0x024477ff4d3bb5daf44c007b7ae803e61d7ca0f40c93e970ec47a1e72cebd67b,Will the lowest temperature in Miami be between 80-81°F on July 10?,Weather,118.0,50.0,4.5,0.2,0.23,0.215,12.78,14.82,2,2
2026-07-10T14:36:50+00:00,97384106902106536421028236586271246790257108458843558373357403348024181645611,0xe66181e579d0186ecd7e8bcfd97220bff92727b3afc9f0a1ee5a2565e8c5b201,Will the highest temperature in Buenos Aires be 13°C on July 10?,Weather,118.0,50.0,4.5,0.25,0.29,0.27,118.35,68.8,3,2
2026-07-10T14:36:50+00:00,1209559078871214651216513231032516627279798872130544360613284214109414583848,0xea375977ee539b47800bae67a8c72a9bdb1fc944038173a97f42220c15a85645,Will the highest temperature in Los Angeles be between 74-75°F on July 11?,Weather,117.0,20.0,4.5,0.49,0.51,0.5,84.51,540.51,4,3
2026-07-10T14:36:50+00:00,75944113044438327075888461751517362781627839505491816996526958692584326080111,0x4c33effc58dbc88e52979bd9b7325cb6e0d4a7bc5712ee83e82d8ed60eadcc1a,Will the lowest temperature in Seoul be 24°C on July 11?,Weather,115.0,20.0,4.5,0.63,0.64,0.635,239.72,51.17,2,3
2026-07-10T14:36:50+00:00,95974212468051894599103162108147892280979873020121046063109683474642671941026,0x5d05fef99c9a2b9f71da17d41d9729cd8e34dbb56b3a863978d6825935666658,Will the highest temperature in Miami be between 92-93°F on July 11?,Weather,114.0,20.0,4.5,0.49,0.5,0.495,720.89,384.23,5,5
2026-07-10T14:36:50+00:00,45026750601497689103775577102951797751963949040328995780871545783570868569832,0xc074f775c8172e2b52e0a689f8a48b52738efd49ff82107db6eae8caef8aeda7,Will the lowest temperature in Hong Kong be 28°C on July 11?,Weather,110.0,20.0,4.5,0.57,0.59,0.58,88.98,300.23,3,2
2026-07-10T14:36:50+00:00,89334914095685546719716031048844797737337309619802664016281831874656385695397,0xf656ad45873ec43525c707322e45bccc603be0af7baf670ea8699abd20cad7d8,Will the highest temperature in Mexico City be 24°C on July 10?,Weather,110.0,50.0,4.5,0.23,0.32,0.275,0,5.48,0,1
2026-07-10T14:36:50+00:00,99614513670241334223446383525470917160180224809810094784126308332075579757230,0x1af170a29443e2756089918d0322cb6b53e89783ef360d95ba0f2f9769482d2a,Will the highest temperature in San Francisco be between 68-69°F on July 10?,Weather,110.0,50.0,4.5,0.25,0.26,0.255,291.49,247.81,4,5
2026-07-10T14:36:50+00:00,47256823167094861543667952696586032151927347529600116878526741767925519337294,0xb2be9e1226ab03f6f9fbf98aadc67e70dd24f5e2e3ddd34555f70635f5965934,Will the lowest temperature in Tokyo be 25°C on July 12?,Weather,109.0,20.0,4.5,0.49,0.53,0.51,92.32,675.89,3,3
2026-07-10T14:36:50+00:00,58751019044458006356570757718644350008479956185416347535772702966593624435105,0xeeb4801cc0692a70ddb66a437a73f59769b4e5686caba412e1e907a9d33ffce3,Will the highest temperature in Wellington be 11°C on July 12?,Weather,109.0,20.0,4.5,0.49,0.5,0.495,1603.33,1363.69,5,5
2026-07-10T14:36:50+00:00,92175891912997702346302744412414099217785113186032181246069575837009432652488,0x0f6b1f1d09db74d1639344ce326040752f94582108d310a3f593d2e121da38cc,Will the lowest temperature in Tokyo be 24°C on July 11?,Weather,108.0,20.0,4.5,0.57,0.59,0.58,474.73,379.93,4,3
2026-07-10T14:36:50+00:00,106877457632449123806272286387949411587336474523132529392385014916916222387026,0x945cfbda5945904b3fe0b8e1c5657c8aaa35432ef8368d6c893ea2fa6ce7db25,Will the highest temperature in Madrid be 38°C on July 11?,Weather,108.0,20.0,4.5,0.54,0.56,0.55,1183.51,1105.77,4,4
2026-07-10T14:36:50+00:00,79454800704145822697555661613548713086761489081230636538579847330167151730049,0xd49dc00771924d7caa7849564c242fe58980cee18959b2d36f0cb5f4fe4a3bbe,Will London have between 50-60mm of precipitation in July?,Science,105.0,20.0,5.5,0.01,0.84,0.425,0,0,0,0
2026-07-10T14:36:50+00:00,88814827991147638050465756597048601773171123388404654716406380728029101974542,0xd6a39a89cee85c450df83cae507a3ef8d8c1c8cbc6bd3ea2c9987b69aa9ce0f6,Will the highest temperature in Ankara be 30°C on July 11?,Weather,105.0,20.0,4.5,0.47,0.48,0.475,414.11,601.1,4,5
2026-07-10T14:36:50+00:00,43980287665771162785230943784081329959485946909951737825346381594104796348933,0xf8bd945d32529128262becab3b91978f4c7a112f23b58e4a6c106dc545de2070,Will the highest temperature in Tel Aviv be 31°C on July 11?,Weather,105.0,20.0,4.5,0.65,0.66,0.655,1509.53,1209.69,4,5
2026-07-10T14:36:50+00:00,59153339463511917530601584705932769874716557756736744131924736679282638352443,0x8d350670ec03c60d0cf0b2b5aed6bf1f8b2be7406276211a13c6ee00e329dbfa,Will the highest temperature in Istanbul be 28°C on July 11?,Weather,104.0,20.0,4.5,0.47,0.49,0.48,1056.78,886.69,4,4
2026-07-10T14:36:50+00:00,104199675218149964228063824704863961087905527345123093665087601447562296400363,0x8f7498a3243b57d5f7f40cb18b8a9a8f4d53a07885de0dfe35cd12a81d4e3886,Will the lowest temperature in London be 18°C on July 11?,Weather,104.0,20.0,4.5,0.43,0.44,0.435,327.78,234.84,4,3
2026-07-10T14:36:50+00:00,2229718885373098298681661670963595029842603083450272716331397402854386179201,0x432f1bf4b101157e249e96f39d687731599dad87bfb8eee9355ec40e3af2fc33,Will the highest temperature in Karachi be 34°C on July 12?,Weather,104.0,20.0,4.5,0.43,0.44,0.435,718.99,1028.76,4,5
2026-07-10T14:36:50+00:00,68251051448628746943151196460774221940526362866540410630547805648770413123239,0x49e106f069096bf811c6ad7a0dd4b42b6d21e9730585511f73924c1b5bc03c8d,Will the highest temperature in Karachi be 33°C on July 11?,Weather,103.0,20.0,4.5,0.45,0.48,0.465,1253.38,1411.9,3,4
2026-07-10T14:36:50+00:00,33411421678683424693493967524332344382832038919088176935523147062194663148889,0xde0a7e57bbd8e41672acd98c5935707a5392869dc7ae60fe4ac6bd9d4de198a6,Will the highest temperature in Chicago be between 82-83°F on July 11?,Weather,103.0,20.0,4.5,0.42,0.45,0.435,459.69,449.83,4,4
2026-07-10T14:36:50+00:00,33930648433833008351958720003740804715928166421458266199597185615073938073714,0xbca436ba5eedba717e8fc72a022a07c2afe50b5d2cd364db107c466d23c132f6,Will the highest temperature in Mexico City be 25°C on July 11?,Weather,102.0,20.0,4.5,0.4,0.42,0.41,1206.96,634.53,3,3
2026-07-10T14:36:50+00:00,113873330169857555848165630139436116269479759069052823973930240880156323207665,0x4821f36e10b21e6a6bef73c44aed4521bf744b60fbe72a22754201ad78c41d45,Will the highest temperature in Munich be 29°C on July 11?,Weather,101.0,20.0,4.5,0.44,0.46,0.45,1089.25,1765.85,4,4
2026-07-10T14:36:50+00:00,27266811520196704419774030552922872411967354620915343613744301426583958336218,0x7e89c886d062dadb938f8312746f918ca78b6bac5ea1f97bb30c91a103e9f529,Will the highest temperature in Denver be between 96-97°F on July 11?,Weather,101.0,20.0,4.5,0.45,0.48,0.465,859.89,750.93,3,4
2026-07-10T14:36:50+00:00,78691331193750223804433180775795539620004114984754854629218848293957562484828,0x70affb696c5c6964c6d7e0d589399368052f547c6b2ef811d6511eb71dfb1a5d,Will the highest temperature in Singapore be 31°C on July 11?,Weather,101.0,20.0,4.5,0.45,0.48,0.465,734.41,649.88,4,4
2026-07-10T14:36:50+00:00,51508280778202349361616850684455231843716212176724253736363122559269229712002,0xa4ddc18895cc7b14810283ef8f113939abffd3969c6a0e37f1897110c67e6f73,Hantavirus pandemic in 2026?,Weather,100.0,200.0,5.5,0.021,0.023,0.022,61946.15,16321.3,21,47
2026-07-10T14:36:50+00:00,2029855402641966979564147345849533918293833646765107481388955769794652753130,0x903dfbe1994c4a454453ef48ca9e56a360122364d29f6ff10e27f68f91781c84,Will the highest temperature in Kuala Lumpur be 32°C on July 11?,Weather,100.0,20.0,4.5,0.43,0.44,0.435,899.35,1048.88,5,5
2026-07-10T14:36:50+00:00,52349584773109910883763144546246065498374449231658188721471989126931324095517,0x4749c856821a932463be91372b1d613231238c4d6e239665cd8f24f9e78f39b1,Will the lowest temperature in London be 17°C on July 12?,Weather,100.0,20.0,4.5,0.4,0.41,0.405,395.8,419.49,4,4
2026-07-10T14:36:50+00:00,102060953042913499611785872570798721119511618085109258327710653239494973966212,0xfcab5636ccf9532aea6269c5967f27af93a56ac0f393e23ea50538678ad11bb8,Will the highest temperature in Singapore be 32°C on July 12?,Weather,100.0,20.0,4.5,0.42,0.44,0.43,634.33,430.41,3,3
2026-07-10T14:36:50+00:00,29686616394416657609304026217807274911251134775957248611613235350521186271810,0x45c6c9c9c5b133be796d7b2ee8cb858c12fefa8bd7cebd492972487ef0f087d7,Will the highest temperature in Toronto be 28°C on July 11?,Weather,99.0,20.0,4.5,0.43,0.44,0.435,959.67,1068.45,4,5
2026-07-10T14:36:50+00:00,100427105125398254419463532193606344922380088671686010843232754575032937567039,0x9141c764e2be3e93d26404202d9614efd7da27b1b5db45d1de75ae59619925e1,Will the highest temperature in San Francisco be between 64-65°F on July 10?,Weather,99.0,50.0,4.5,0.22,0.25,0.235,94.45,118.21,3,3
2026-07-10T14:36:50+00:00,102088392144383911701880884889676008459086306987566034095745390526971781898336,0x60c513b8e8334935d69be12370c8bc2b3717c7b2f05e2a3774148d58a1dc769a,Will the highest temperature in Tokyo be 30°C on July 11?,Weather,99.0,20.0,4.5,0.45,0.46,0.455,329.38,865.04,4,5
2026-07-10T14:36:50+00:00,109565262369279451294230393504370922459943684309553387457244918425893880247289,0x7a46789fe4a6bd266612206009c6fabb31af659d887726144733c431c476c08e,Will the highest temperature in New York City be between 90-91°F on July 10?,Weather,96.0,50.0,4.5,0.12,0.13,0.125,53.05,39.5,5,4
2026-07-10T14:36:50+00:00,80301121018890023228083927659568239398232069497450654072668825498370821458891,0x163a6bd4660e841747157f9ca5ea880feaeefd1be0775345ebe706a4a7d7cf81,Will the highest temperature in Hong Kong be 34°C on July 11?,Weather,96.0,20.0,4.5,0.41,0.43,0.42,1190.48,532.69,4,3
2026-07-10T14:36:50+00:00,105005132005076129642214567445236723744827751201531845312454485467033559926780,0x2a061ff4043005e41e05a854e58ff2ec733ea68605c8a6695c857e37bd8fa655,Will the highest temperature in Sao Paulo be 28°C on July 11?,Weather,96.0,20.0,4.5,0.38,0.39,0.385,487.24,660.97,4,5
2026-07-10T14:36:50+00:00,17254315380088148944512878253114256166753396517307640121194243142283854988826,0x2c63f78ab584880f84200382f5b7d50426b7a0b744d0a31f5e670424f1446259,Will the highest temperature in Paris be 36°C on July 11?,Weather,96.0,20.0,4.5,0.41,0.42,0.415,800.12,603.09,5,4
2026-07-10T14:36:50+00:00,54758323849085671469720053678703972603889797775407761303282746720224413097322,0xefa4c07b18e67d577d6a7b6c2046fe3726b306c348df460b52d135c585b078ce,Will the highest temperature in Kuala Lumpur be 33°C on July 12?,Weather,96.0,20.0,4.5,0.43,0.44,0.435,1330.01,797.94,4,4
2026-07-10T14:36:50+00:00,31237943585491103098473350791510340788666378772070295673737144140696569989928,0x63fad6fb6f211dd487a1c4848787d271ede08cf49ae5987efbe82fc9fbbd2aba,Will the highest temperature in Helsinki be 28°C on July 11?,Weather,95.0,20.0,4.5,0.42,0.43,0.425,1238.77,1210.14,5,5
2026-07-10T14:36:50+00:00,85985857756042422568733807906767487107918324831713422662227683800377001511887,0x6c3e1e159e791dd8625c336d852530e45400d4baf4e88aed8f84b3e12653aeb0,Will the highest temperature in Busan be 33°C on July 11?,Weather,95.0,20.0,4.5,0.43,0.44,0.435,1495.41,1015.07,5,5
2026-07-10T14:36:50+00:00,29508203053920413059576221116898754474128522362377170682612115087964537527726,0xcb28ee6a57d374a0727c009a7068771526560830412e47b44141f9dd98039fce,Will the highest temperature in Ankara be 31°C on July 12?,Weather,95.0,20.0,4.5,0.43,0.44,0.435,1009.06,900.24,4,4
2026-07-10T14:36:50+00:00,78298684232329851160658215031344466183146357715334379414967371953330249120384,0xd66b6d44c1e5cd4b68c7325112bf25c87d26b21e0be5ad9e391441d742bbca61,Will the lowest temperature in Miami be between 80-81°F on July 11?,Weather,94.0,20.0,4.5,0.38,0.4,0.39,681.39,612.54,4,4
2026-07-10T14:36:50+00:00,27132408683379436975739105065694580009619387849858678793397684455490561514915,0xea615d620bf4f9a81b7074ff0c99f06b754b02e7e3ee4e702c6abab75582b500,Will the highest temperature in Dallas be between 98-99°F on July 11?,Weather,94.0,20.0,4.5,0.38,0.4,0.39,241.3,343.04,4,3
2026-07-10T14:36:50+00:00,43971519843731914125296189268513335188524899368461342881710374853327382956904,0x822f6d08ff4ade111a84fa47684bb284cab4e098b34c642e581e1fa8be8fe391,Will the highest temperature in Seoul be 31°C on July 11?,Weather,94.0,20.0,4.5,0.39,0.4,0.395,466.97,359.72,4,5
2026-07-10T14:36:50+00:00,4665176666760291526600486691850631795439302261925058143524346682351887694197,0x9507d89451e5548244fbeba166d5054ec0f491fa2946d0ad94f3f5d6652c6234,Will the highest temperature in Tel Aviv be 31°C on July 12?,Weather,94.0,20.0,4.5,0.43,0.45,0.44,1382.69,549.73,4,4
2026-07-10T14:36:50+00:00,23045688776059267093665221448855780306270777839479427296499470819332295436569,0x79d55a736adda8f9661d8d71647742386c09c35fbae4e0d19253fc98bc844451,Will the highest temperature in Houston be between 94-95°F on July 10?,Weather,93.0,50.0,4.5,0.21,0.29,0.25,7.88,4.35,1,1
2026-07-10T14:36:50+00:00,53507416150144408450410817286586967855721718997587172008363784891209320268296,0x13276173c5df11fe179ef5a4561e9f333a9a9e944fab8ed3a268bd6bcf258366,Will the highest temperature in Warsaw be 21°C on July 11?,Weather,92.0,20.0,4.5,0.41,0.43,0.42,503.29,605.16,4,4
2026-07-10T14:36:50+00:00,113959915568942033274807912661625851679947782752153814864757215573994493457167,0xa6992153e1fc67f7a86108245a6e1cf443cd5a02bae928d4be4f0186fcd8d78d,Will the highest temperature in Buenos Aires be 15°C on July 10?,Weather,92.0,50.0,4.5,0.17,0.21,0.19,13.64,24.19,2,3
2026-07-10T14:36:50+00:00,32277932549857992823622654366376439529737266152837743538043251601731671823269,0xc811057af9e8e349ef2158e86098cf76b89e19286d531826be10fce0742c3609,Will the highest temperature in Chongqing be 38°C on July 11?,Weather,92.0,20.0,4.5,0.37,0.38,0.375,1097.94,617.79,5,5
2026-07-10T14:36:50+00:00,13663501608556275320500309168673301924343019090093328623275142982080200305492,0x8caf0cd435aabf770f509d42f0160ee40e59906d702f61f113942e48b6b1e246,Will the highest temperature in Paris be 36°C on July 12?,Weather,92.0,20.0,4.5,0.39,0.42,0.405,546.67,1534.32,3,4
2026-07-10T14:36:50+00:00,74210321426160013518889345464366442029916947735453375591260216192576236971509,0xe60f4104cda595fcca7332776e61ae9ce56443a10af8f7b8150a5f2b8aba84ce,Will the highest temperature in Manila be 29°C on July 11?,Weather,91.0,20.0,4.5,0.4,0.41,0.405,566.75,1199.9,4,5
2026-07-10T14:36:50+00:00,64158151625965387310438224821754652471612014081908175857831019935108526540968,0xd3776550404c2d454334d1619a8ec5e6d488b90ea2aab21a91d6c560cbb7c0a2,Will the highest temperature in Cape Town be 20°C on July 11?,Weather,91.0,20.0,4.5,0.41,0.43,0.42,394.04,692.63,3,4
2026-07-10T14:36:50+00:00,58599324001861745116365234750314517092871135501635197580980329424264573216326,0xc0c46ad71180d17fb8cb4a89384cfd994e0fd8fdc0bab3aabc7a33c66ac84ec1,Will the highest temperature in Tel Aviv be 32°C on July 11?,Weather,91.0,20.0,4.5,0.29,0.31,0.3,513.81,606.73,3,4
2026-07-10T14:36:50+00:00,728071535908286555948925590537349342959995408485502907494617469969779787284,0xe703a68ee58a9b1addf353bee416831531827d47674dda3f7a7598bbc50a832e,Will the lowest temperature in Shanghai be 27°C on July 12?,Weather,91.0,20.0,4.5,0.38,0.4,0.39,154.62,166.34,3,4
2026-07-10T14:36:50+00:00,103490054283323404415589692436281264881938253854392170667590563421941607611087,0xae6e4191038759a8d7a2918c74ee25186e279ad061caf77052e2ab0de9971a83,Will the highest temperature in Warsaw be 22°C on July 11?,Weather,90.0,20.0,4.5,0.4,0.42,0.41,580.92,987.05,4,4
2026-07-10T14:36:50+00:00,94172796579387359801253537814699322374622541880172912184618983558015946503299,0x681bb5122b8fd778bd7dd3df0eb7cd79b0c85f5572ae8ab179859f00d2d3b0a0,Will the lowest temperature in London be 19°C on July 11?,Weather,90.0,20.0,4.5,0.38,0.42,0.4,74.89,267.95,2,3
2026-07-10T14:36:50+00:00,48072755600307039630258959458901005857462260893727209135050417127244346932178,0x3ec678ded09baac670b9594345e49e4522138a963a647bc4c421134c5fa3c178,Will the highest temperature in Kuala Lumpur be 33°C on July 11?,Weather,90.0,20.0,4.5,0.37,0.4,0.385,550.51,408.26,4,3
2026-07-10T14:36:50+00:00,12046873851687725580221698462248626903212066430523799834650211399353251473639,0xb4bfff9e29d874418343f1aea38223675c7ae6793dba0dfca5a9f1911bf2d79b,Will the highest temperature in Panama City be 32°C on July 10?,Weather,90.0,50.0,4.5,0.23,0.231,0.2305,297.91,265.51,13,12
2026-07-10T14:36:50+00:00,20558513650424546039858256561710096838600007543764837909060173409176394166180,0x87fb2c36fc678a8bead6e93490ee307fa906fb20a4e524f1fde29e2b4d51c03c,Will the highest temperature in Madrid be 34°C on July 12?,Weather,90.0,20.0,4.5,0.39,0.4,0.395,1070.6,398.28,4,5
2026-07-10T14:36:50+00:00,93344079346205289195568226722128493084140732953867028898546121392435116377533,0x598bd4512ed0c6c8f9cf481f159365db970a584cfc213dbb259e64729d2e7528,Will the highest temperature in Milan be 31°C on July 11?,Weather,89.0,20.0,4.5,0.34,0.36,0.35,815.62,730.54,4,3
2026-07-10T14:36:50+00:00,33081369779342476539377021706774709109616735695418484076233029638857639821328,0x3bedcb304beb9fe7db42972d1ffbbe0038b86a773f3e20edf4ce4d52db635eb2,Will the highest temperature in Atlanta be between 90-91°F on July 11?,Weather,89.0,20.0,4.5,0.38,0.39,0.385,352.29,372.77,3,4
2026-07-10T14:36:50+00:00,87646059706252601796098649913181596305166136410510166856729031939532632380524,0xf17316aeb12e4166a07568eb9873eb41da1175e96bae0b0525ea4a87a0659dd3,Will the lowest temperature in Hong Kong be 29°C on July 12?,Weather,89.0,20.0,4.5,0.32,0.34,0.33,457.98,284.48,3,4
2026-07-10T14:36:50+00:00,65339677506055906361223855696499072560938589283404637701827303793247008143104,0x842d5fbb82687dad1170019b2f4d42d5fd85aa24feebe09f1c906322c129dc02,Will the highest temperature in Busan be 32°C on July 12?,Weather,89.0,20.0,4.5,0.36,0.37,0.365,1468.87,943.86,4,4
2026-07-10T14:36:50+00:00,51517091252646312235204996466553459216956771911541259278030740952459677837974,0x084d8ef7dd0624c3c6d5b9bf05c854c9a59eb01dcf362132d9be99207631bc25,Will the highest temperature in Tel Aviv be 32°C on July 12?,Weather,89.0,20.0,4.5,0.41,0.43,0.42,2017.15,1210.47,4,4
2026-07-10T14:36:50+00:00,39415591446635596542572429712503438810842894773350127782824711104202439725659,0x85d592d25fab720765966abddd392e39d8bd08bbcd7040cb824d4c502edfdbd8,Will the highest temperature in Cape Town be 19°C on July 12?,Weather,89.0,20.0,4.5,0.39,0.4,0.395,1041.39,1942.99,4,5
2026-07-10T14:36:50+00:00,70781975482968363712029640185197755147692722912780778355572735641599807004601,0xbfa9d68562b624bf14550b73722884abcfed9c0ce0d453e2a24e026ce2f0f2e1,Will the highest temperature in Guangzhou be 38°C on July 12?,Weather,89.0,20.0,4.5,0.35,0.37,0.36,842.44,120.91,3,3
2026-07-10T14:36:50+00:00,73252050169330757214187131541387684874828488600128456556420639858608045083414,0x45d76dddde674ff2abef1d6e5f3591a7ecc54a48127cb60cf14eb32278764f60,Will the highest temperature in Buenos Aires be 14°C on July 11?,Weather,88.0,20.0,4.5,0.38,0.4,0.39,415.53,411.87,4,4
2026-07-10T14:36:50+00:00,55442743190003690149645814791328118554719982400882222596066899348505765514453,0x3362e4ce5c628d406c94fcc8c8bf5675aa5264ea08ab22011a092021e476c6a1,Will the highest temperature in Houston be between 92-93°F on July 11?,Weather,88.0,20.0,4.5,0.4,0.41,0.405,204.6,416.07,4,5
2026-07-10T14:36:50+00:00,34140990263901795765217772146540149588061586722893465047516303061359730391543,0xd4f893641a8b8825d8c1dad35c74d515f47d37cd49f405dfeb432419e39506c3,Will the lowest temperature in Paris be 22°C on July 12?,Weather,88.0,20.0,4.5,0.33,0.38,0.355,14.39,14.59,2,2
2026-07-10T14:36:50+00:00,91850507236169290907755508190298527670295831545131989525620171794822153789717,0xa1835ce4a41fee902ee1ab1e526cc24daeb108fed38a57ceaf89a3f292767d25,Will the highest temperature in Guangzhou be 38°C on July 11?,Weather,87.0,20.0,4.5,0.37,0.38,0.375,1057.86,424.14,5,5
2026-07-10T14:36:50+00:00,73749354823418515119870209744491591076089366789935577087754833103208216354677,0xfcf84e3cde2ea46a72815ad79fda07be4dbadd5b5deb4c5757624138ea56826c,Will the highest temperature in San Francisco be between 70-71°F on July 11?,Weather,86.0,20.0,4.5,0.32,0.33,0.325,195.19,663.19,4,3
2026-07-10T14:36:50+00:00,88883391911121587730610439388167379313205281821100200277452679330741925076329,0x405157d7c243d2b0eac93b2fd82bd46c928e308c193654294fd1cdcf54f99a97,Valorant: 100 Thieves vs MIBR LOS (BO3) - Esports World Cup Playoffs,Sports,1866.0,250.0,2.5,0.67,0.68,0.675,1924.81,2427.24,3,3
2026-07-10T14:36:50+00:00,86874286323383638264978014563064624552299997779248681022187159862455229388130,0xe7f9d35e708efc4d3df8c27a49084281cac3d57af7cdd9a3a6e74c93f1cbd10b,Team Nemesis to win 2-0?,Sports,1866.0,250.0,2.5,0.09,0.1,0.095,0.99,414.0,1,2
2026-07-10T14:36:50+00:00,92501310242568277438461644443393151733128317373118189529733984542736930152591,0x3f6046e114c4f986c8081156d7326a19d50e5edf1334cc3210d35281c2e142e3,Dota 2: Team Nemesis vs Vici Gaming (BO2) - Esports World Cup Group C,Sports,1866.0,250.0,2.5,0.23,0.24,0.235,151.74,1852.5,3,3
2026-07-10T14:36:50+00:00,102586302645030234147440685415594174900460339043658592310495490830821888031024,0xfdfa6000854bfa947b546a7a7ebbdc8973cfa6d06526eb479e8137ccfd87f7e9,Team Nemesis vs Vici Gaming: Draw (1-1)?,Sports,1866.0,250.0,2.5,0.32,0.39,0.355,0,0,0,0
2026-07-10T14:36:50+00:00,44014997876013697015391928919638218437706249802240787337931501149420650206679,0xd010789fdadb5810cf119ce6e3fd1452a490f5434fe3bf8a2cbd943f1351abeb,Vici Gaming to win 2-0?,Sports,1866.0,250.0,2.5,0.58,0.65,0.615,0,0,0,0
2026-07-10T14:36:50+00:00,95465793275678487106659279535933133083500574603527170723333890674166876295906,0x043d42c5fd6b2a6bbc467ae7c80fbee5bc5e4e67dd693a2ab9f73c838dd77969,Dota 2: Rune Eaters vs GamerLegion (BO2) - Esports World Cup Group A,Sports,1866.0,250.0,2.5,0.49,0.5,0.495,938353.48,757374.43,2,3
2026-07-10T14:36:50+00:00,54154265394781423732677643317231077183765247840918272652906022746961183992514,0x57fe0a0cf69943328eaa3476c012d1448c60cee9b9d511ff6f33670d3de6d4dc,Map 3 Total Rounds: Over/Under 21.5,Sports,1264.0,250.0,2.5,0.5,0.51,0.505,538921.0,602583.54,1,1
2026-07-10T14:36:50+00:00,53571065891450002947101563511407553957763648050492738340399842871069136987106,0x764ab1dcb97bc96fef74a850af5808afdbe5cbdcdf86dea23303657fc769d74f,Map 3 Rounds Handicap: BetBoom Team (-3.5) vs FaZe (+3.5),Sports,1264.0,250.0,2.5,0.49,0.5,0.495,573528.82,544277.9,2,2
2026-07-10T14:36:50+00:00,53245659968979552263709231714244766762100766456560206376139227931510134543851,0x20cba49af5044aac40ed2c2eba96843c141fc625c830376cd4624ef2d0d6a61b,Games Total: O/U 2.5,Sports,906.0,250.0,2.5,0.47,0.49,0.48,481.0,517.4,2,2
2026-07-10T14:36:50+00:00,40668399442426496585869895538598202555016783276749566425557781171278443446186,0x2fbf770cc35257cc6af48cafc58aa4fb0d7bdc43ed44e845c12d57843dd87265,Valorant: 100 Thieves vs MIBR LOS - Map 2 Winner,Sports,906.0,250.0,2.5,0.53,0.54,0.535,17476.74,2484.83,3,3
2026-07-10T14:36:50+00:00,114845938555273408765068994513729297042615612254687393087579533128522301894688,0x5d033aca019c0a584a9a49b1f44df23773a9aa4dc1a708bca4a78dcf938256a2,Map 3 Total Rounds: Over/Under 21.5,Sports,906.0,250.0,2.5,0.49,0.53,0.51,19488.05,1320.76,1,1
2026-07-10T14:36:50+00:00,48190275786628915945807704729300304190696469912483555994315660027817452267027,0xbe1d4aa9617fe40c3aea458ff46e5e63592cdb3909875809727dbdbe6a3ef6c2,Valorant: 100 Thieves vs MIBR LOS - Map 1 Winner,Sports,906.0,250.0,2.5,0.8,0.82,0.81,1521.32,9980.57,2,2
2026-07-10T14:36:50+00:00,61106160955805000545726176309339696645249790307545132698548552906744856723300,0x958375865506b3a7d8f6d2b134b179243bdf78db9f245d3afbf26e95dbcf0b92,Dota 2: Team Nemesis vs Vici Gaming - Game 1 Winner,Sports,800.0,250.0,2.5,0.12,0.13,0.125,1780.12,510.31,3,2
2026-07-10T14:36:50+00:00,20753444326597808403433519410324896770837596585358560000183009522246701254242,0x06f2a24626f9441cdb0e52b81b0b4f40dab91b6109ee5b9d5e3dce82aefcf2da,Dota 2: Team Nemesis vs Vici Gaming - Game 2 Winner,Sports,800.0,250.0,2.5,0.31,0.32,0.315,2338.71,4707.34,3,3
2026-07-10T14:36:50+00:00,48478451522049748472722282587956391001139249843831171263215211958494573265297,0x40c13c16fbfec58b892ece91ee76768989d6ebf83ee84f1e94eabcaaef64b1a5,Counter-Strike: B8 vs Virtus.pro (BO3) - RES Showdown Europe Playoffs,Sports,674.0,250.0,2.5,0.49,0.51,0.5,692.35,14.39,2,2
2026-07-10T14:36:50+00:00,40116149879387255845837648588058245037908295988085741053686029115011734167321,0xc15862bc91e2ab887fa6c002543d13d497ff1cd9e4782a5914a1ca9306b8b325,Will M80 Win North America ACE Stage 3,Sports,316.0,50.0,4.5,0.59,0.62,0.605,1756.01,85.56,3,2
2026-07-10T14:36:50+00:00,50306157332198975568025237617736113890821508305195882325698742703912285790,0xae7ec9439781a64618d856478889329e3a5a6f18aeb600010d271f12de6ba31b,Will 100 Thieves win the EWC Valorant Tournament,Sports,314.0,200.0,4.5,0.122,0.61,0.366,0,0,0,0
2026-07-10T14:36:50+00:00,43592449814352159191780842090485297530898689195262147370789241562668693244627,0xb17becdf3aff8141ec3b026e0849ab5f7de07681350a9807439ff23e4469fd6a,Will NRG win the EWC Valorant Tournament,Sports,314.0,200.0,4.5,0.21,0.53,0.37,0,0,0,0
2026-07-10T14:36:50+00:00,77749630810598816540987999934696295418652723841795342334652249783136917806386,0x9935146d502e6735a27fc94c94bf4adc2bdadf6bf065b40a04b565bfd2e4fb3d,Map 3 Total Rounds: Over/Under 21.5,Sports,300.0,250.0,2.5,0.49,0.5,0.495,507379.38,481182.9,1,1
2026-07-10T14:36:50+00:00,38742070885003427287175400577140358570521601214930057075566707860500834445063,0x249c241219456c92bec11b5c89b1fcb8b1c182e53f8978fe9f9e365bb740afa7,Counter-Strike: B8 vs Virtus.pro - Map 2 Winner,Sports,300.0,250.0,2.5,0.57,0.6,0.585,36.26,24.0,2,1
2026-07-10T14:36:50+00:00,60704516215012102653934184563416620800863741686210969529175138764577873537955,0xfa43d39a4944b2cdcc1dc5274c509d28c58b8a71de5650811c9f6ec54a1a3cd8,Games Total: O/U 2.5,Sports,300.0,250.0,2.5,0.05,0.61,0.33,0,0,0,0
2026-07-10T14:36:50+00:00,67044318499994712064109988308237618254832029882233414790755517483383764496170,0xa4402219045f0fe392ea08a92d6f50b89419976d484aba5592d19bb65ea7b5c6,Will LeBron James play for the Cleveland Cavaliers in 2026-27?,Sports,1528.0,200.0,4.5,0.616,0.617,0.6165,19536.96,11694.88,22,27
2026-07-10T14:36:50+00:00,18102967836083853383923128006784795292689419464442202730310194064041591178640,0x87c9134e18d318a68a48326b8d7492efd08efc2324e5b4414f6bfa512b88b115,Spain vs. Belgium: O/U 2.5,Sports,1227.0,1000.0,1.5,0.555,0.5575,0.5563,296455.32,446143.0,6,6
2026-07-10T14:36:50+00:00,113279756530825620298138806497651966059839483646018838321123245227908205380626,0xb025924a635da63f0fe25da502ba1b006cbe2797166be54ad6634c1c9891a798,Will Spain vs. Belgium end in a draw?,Sports,1007.0,1000.0,1.5,0.24,0.2425,0.2412,412112.11,483488.06,6,6
2026-07-10T14:36:50+00:00,114083367175349101587118456512209157494315102378898420654169806682644264287063,0x2c37e07b722442c2381fac76f8564d580660aa028066e08bad1b32bd11813e9d,Will Spain win on 2026-07-10?,Sports,1007.0,1000.0,1.5,0.605,0.6075,0.6062,1355872.57,592293.69,6,6
2026-07-10T14:36:50+00:00,113258140039729603259288671364749723242703790462413008421390186262563698386140,0x36fca44fa14ee80f732b8c07f060f5f7f0eda41a01626409d178166156b4d6d1,Will Belgium win on 2026-07-10?,Sports,1007.0,1000.0,1.5,0.16,0.1625,0.1613,420995.02,148571.95,6,6
2026-07-10T14:36:50+00:00,10547381015916960267379463101229159185405356924982461726471550099674011526491,0xb5c0abeecb5502e6e8d83155c27819174d8317af3c425c3afc5a8c45257a3793,Will the Fed increase interest rates by 25 bps after the July 2026 meeting?,Politics,1250.0,200.0,4.5,0.142,0.15,0.146,164365.79,13310.9,30,30
2026-07-10T14:36:50+00:00,111604417349377875799825956621596386269673370070912696668140891647145772186047,0x8bf1c1536ecb1c08fe13c6b71e8ab1f58bf3461c4cb79f5f1679f869a06aef86,Will there be no change in Fed interest rates after the July 2026 meeting?,Politics,1250.0,200.0,4.5,0.85,0.86,0.855,92260.42,1566133.75,5,5
2026-07-10T14:36:50+00:00,53090343757936832119594668014060056498001792741030341017017660687678920951519,0x136f4e242faeb42f66fa6baf4c192fbfa0b5788ed47a2bf1a3d3a2051b87715a,Will the US announce a blockade on Iran by July 31?,Politics,1000.0,200.0,4.5,0.21,0.22,0.215,6219.7,1624.32,4,5
2026-07-10T14:36:50+00:00,6077633070230470776652108532581280898684441958087418509077540637819937906663,0x636f780f794635820e8cafe81924ef2dd67622fc01b6b2e5e64e9cc99593a005,Will Iran announce withdrawal from MOU negotiations by July 31?,Politics,1000.0,200.0,4.5,0.13,0.14,0.135,10577.02,19842.29,4,5
2026-07-10T14:36:50+00:00,96493470136581654430268359631814450290137534659017161119334974730318350734648,0x95a7c8f39ccda84bf59b54c474f2a006cbc4167737630365f416670466b37ab9,Will Nigel Farage win the Clacton by-election?,Politics,800.0,50.0,4.5,0.906,0.908,0.907,195700.4,153301.31,33,36
2026-07-10T14:36:50+00:00,106929013576622300718402895513457875547556389240247806666273814836599548721421,0xb8e6d129a06d0ccb21d7b32eb529ea455eddba3cf29bfa097112202cbdf5bf21,Strait of Hormuz traffic returns to normal by July 31?,Politics,700.0,200.0,4.5,0.04,0.05,0.045,42763.81,34314.01,4,5
2026-07-10T14:36:50+00:00,5615282760875985231868508008056959876238536896643315063916840237042205273721,0xa3b36b2d6104d34af4e6c6215fc818e43352e78a748fbfb0b85e3a35f71dec9a,Will there be no change in Fed interest rates after the September 2026 meeting?,Politics,557.0,200.0,4.5,0.56,0.57,0.565,61703.57,56099.13,5,5
2026-07-10T14:36:50+00:00,55115078421062885512539156303747803058407616201213034911037320915726138659123,0x5db999fad322cea2914535aae5517060c3f80ad6d8c0231cde2124a434d16846,Will the U.S. invade Iran before 2027?,Politics,500.0,200.0,3.5,0.16,0.17,0.165,54668.71,45623.29,4,4
2026-07-10T14:36:50+00:00,94972551308090327216518221580327764770292183130323800762668011013448194991954,0x513bf1706e9cbf61b7cc56f12803b1b72a522bae3c5157e7b356abdf36e2e72d,Will Count Binface win the Clacton by-election?,Politics,500.0,50.0,5.5,0.074,0.075,0.0745,13094.99,26608.63,37,38
2026-07-10T14:36:50+00:00,63842529068710005716169325380315470359047749786610778647370693404952498013178,0x876506d8b2bd7a0d3fa4fe18c024eee6e1dd81ee24c26795dadd6cfe4a7b5d0d,Will the Fed increase interest rates by 25 bps after the September 2026 meeting?,Politics,443.0,200.0,4.5,0.35,0.36,0.355,23284.79,26458.82,4,4
2026-07-10T14:36:50+00:00,24785573718990392418951300050957916381665587487466323504952612762045601227884,0xd45d5aefae8df5671c0ca8feebc4ebefd6b16e8e883d207298b2f5d828e19c0e,Will the US announce withdrawal from MOU negotiations by July 10?,Politics,400.0,50.0,4.5,0.011,0.018,0.0145,245.82,710.08,9,18
2026-07-10T14:36:50+00:00,30630994248667897740988010928640156931882346081873066002335460180076741328029,0xdf8e2dc5860027decbe6164555c3c1c9645c3bd33e16b9dc57ca87125047d4a8,Will Luiz Inácio Lula da Silva win the 2026 Brazilian presidential election?,Politics,305.0,50.0,5.5,0.6,0.61,0.605,160166.9,46179.83,6,6
2026-07-10T14:36:50+00:00,83783489454659420807679723574840032660002326710045123865554753994450797728825,0x5c79dfde05559b79a9cb9f7c4187e4d49632dd042572ae676952f812732591cc,Strait of Hormuz traffic returns to normal by December 31?,Politics,300.0,200.0,4.5,0.62,0.63,0.625,64349.04,34320.62,5,5
2026-07-10T14:36:50+00:00,13271459809573599213395755912718751855908430661359993870080462558598871265743,0x6169a5cf74516d65914ddf6b254c65d68dd2bfaab725c056d5db2ad65b9482c2,Israel closes its airspace by July 15?,Politics,300.0,200.0,4.5,0.059,0.084,0.0715,1367.84,296.37,17,9
2026-07-10T14:36:50+00:00,29040013873321118547094990351628125504347683098965211496259294609236685438688,0xd7d6bcbc6c1201251e42ba47062f2cf33dd45922afca02dda1c2da8081013ad0,Will the US announce a blockade on Iran by August 31?,Politics,300.0,200.0,4.5,0.3,0.32,0.31,4396.68,1247.92,4,4
2026-07-10T14:36:50+00:00,53608778687946526087931275341829969687544820721765237719012884473441162777718,0xabc341cc5fefcc1611837576594d131336784fa96210008da4e2004123917a84,Will Alexandru Nazare be the next Prime Minister of Romania?,Politics,273.0,50.0,4.5,0.45,0.474,0.462,3145.37,1554.53,11,4
2026-07-10T14:36:50+00:00,105368625795655432964190496754546650270881070451655430684110166613065601984894,0x3b508796d8760cef5b75680f275ae9e5116002d95cc4fd4f46e44ef89e6cd1f3,Will Raquel Lyra win the Pernambuco Governor election?,Politics,260.0,20.0,5.5,0.69,0.71,0.7,107.89,68.52,3,2
2026-07-10T14:36:50+00:00,26130169536314206424330026691309059801606313258854549888155978884747779815313,0xf80b14bd7c49a66749ed94e734bd048637b7f8680d5dd6dd040178f1dd5c8874,Will João Campos win the Pernambuco Governor election?,Politics,240.0,20.0,5.5,0.19,0.31,0.25,0,0,0,0
2026-07-10T14:36:50+00:00,84846382165343032223975853870946110241285484772019446686866815597350660955868,0x46f2f457e14ee9021ebd0ef4c27eacd98fdceaf7f2938b484e2551e9e3275ae8,Will Édouard Philippe win the 2027 French presidential election?,Politics,216.0,50.0,5.5,0.26,0.27,0.265,48084.46,10649.62,5,6
2026-07-10T14:36:50+00:00,55764212211467781322980371912612507865974994976253196346176314491480419639168,0x8126317d621047fb13d508a2651eecc8d38305904671822a62309c5aabd353aa,Will Marine Le Pen win the 2027 French presidential election?,Politics,216.0,50.0,5.5,0.273,0.274,0.2735,60602.61,26897.72,35,36
2026-07-10T14:36:50+00:00,79397895660526576528066965797785113521241099187839967306891454236823723226031,0x15d2e66dcf1d63c5695d6d0e9e2f8e06dd246d00fd5dfc254f2b22baa33bfa1b,Will Mitch McConnell step down from the Senate before his term ends?,Politics,200.0,200.0,3.5,0.47,0.49,0.48,1258.67,470.03,3,3
2026-07-10T14:36:50+00:00,350977769852917329387037893294763093471844346281449484439085576212613048126,0x6bd56627aa21311850825edb27e53434a0e17a4f782be0086bc07f71eee00d0d,"Putin out as President of Russia by December 31, 2026?",Politics,200.0,200.0,3.5,0.08,0.09,0.085,293031.23,131507.46,4,4
2026-07-10T14:36:50+00:00,83949391398129766321449386019175318571490128024347049307900487790711865604735,0xb12f5e328a7d9f7a26e0a074625ea775025104e673c776d575dab422a472ef59,Israel closes its airspace by July 31?,Politics,200.0,300.0,4.5,0.12,0.15,0.135,1237.22,467.69,3,4
2026-07-10T14:36:50+00:00,61185693373091340617494150277851514641770797636186465474956889484881632951438,0x325d2f917428a0d39ac7563770ec519208666b8c926091de1a1934d8570b64cd,"US x Iran diplomatic meeting by July 17, 2026?",Politics,200.0,50.0,4.5,0.21,0.22,0.215,654.87,188.83,4,5
2026-07-10T14:36:50+00:00,95676548525614691656970153001244738030704823210041753577158504248850005676647,0xb838caec0354e09985f2c228c54ba190cb284f390beda5ffd58d163ba00648ec,"US x Iran diplomatic meeting by July 31, 2026?",Politics,200.0,200.0,4.5,0.57,0.59,0.58,158.81,920.48,3,2
2026-07-10T14:36:50+00:00,35198549486569600595408965368290795524428922595732253580266052028158040373233,0x9cb23d04b2ded06147482076688b69b487a8d982c63ebdda2ab3678cf27cf390,Clarity Act signed into law in 2026?,Politics,100.0,100.0,3.5,0.39,0.41,0.4,2524.45,1365.54,3,3
2026-07-10T14:36:50+00:00,115285402015517899188745869878711529694328803279592884118332821477257604660390,0xdf6630edec1afaaa4a953cbeede7df2f26dea6bebec5dbd09d340966577fcc2e,Pacifica FDV above $200M one day after launch?,Crypto,80.0,20.0,4.5,0.22,0.25,0.235,11.0,37.94,1,2
2026-07-10T14:36:50+00:00,14147799029334792038645578668097763261870984684199782869151963015068436251867,0xd9161b482aafff24fa3bae055ad9fda9891aa5504f89e7503c6e426ca8e508f6,"Will Rho Labs launch a token by December 31, 2026?",Crypto,80.0,20.0,4.5,0.022,0.51,0.266,0,0,0,0
2026-07-10T14:36:50+00:00,15759716467188492076578077912707517052549389817229865807573417166796931262503,0x45514e0fcd922a740e67ab064a9042d3e964006712f9540947808ae82067ed23,Extended FDV above $150M one day after launch?,Crypto,50.0,100.0,4.5,0.76,0.77,0.765,1304.32,4856.71,5,5
2026-07-10T14:36:50+00:00,64193707559097777357398817187632553231036290939337200213278440657784831973749,0x48f7e0d0c13d8dba8f533d8fcac51c873727ac8993fc8eb1ca7c13b7cabe3c20,Will MicroStrategy be margin called in 2026?,Crypto,20.0,200.0,3.5,0.024,0.049,0.0365,55.88,1944.28,12,8
2026-07-10T14:36:50+00:00,56088417097421241465563917130556036954568661013355932265600145480225293609608,0xe17e8bd9d4ea1631adcf4884eb24bd6a2af05b3494a9eb4b4f3ebdcb8bc3ce41,Will Kraken's valuation hit (LOW) $9B by December 31?,Crypto,20.0,50.0,4.5,0.3,0.62,0.46,0,0,0,0
2026-07-10T14:36:50+00:00,46433069049214415725382873836859229359103184894171704852232447997577695796602,0x436a4e37ebc0d9963b2a825a1229984298d912e3e55552cf078007d933325d6b,Will Kraken's valuation hit (HIGH) $25B by December 31?,Crypto,20.0,50.0,4.5,0.11,0.12,0.115,345.76,366.1,3,3
2026-07-10T14:36:50+00:00,110329531506104225609552120063205405146823245771428829229618938841291470288180,0x50c3a2076f39f86b6ced128f0cb8f4ff551cd372f086461612fd83d6e4a591fa,Will Kraken's valuation hit (HIGH) $15B by December 31?,Crypto,20.0,50.0,4.5,0.37,0.38,0.375,53.5,74.85,2,1
2026-07-10T14:36:50+00:00,28261090084664176199372825684143115699112346330339770563962331516553806428670,0xddbb6162d97e648ad15ddfdf3a9628b15ce83b13d73c398ac6a02f1d672e99bb,Will Kraken's valuation hit (HIGH) $17.5B by December 31?,Crypto,20.0,50.0,4.5,0.34,0.36,0.35,95.53,138.38,1,2
2026-07-10T14:36:50+00:00,2311255006211961845174897800450353681644916435012907716594173592481145321751,0x08326cf7e498904a75d4a1dc8aad97628c675507d4ca0e22b7f1771cf77a8c84,Will Kraken's valuation hit (HIGH) $20B by December 31?,Crypto,20.0,50.0,4.5,0.26,0.27,0.265,91.25,85.33,3,4
2026-07-10T14:36:50+00:00,74119802875274672155848253444970209997505192618449474432627494186827343228301,0x9d89203e4476edb62280701056a828299b7baff0482058753b1445661287b01b,Will Kraken's valuation hit (LOW) $8B by December 31?,Crypto,20.0,50.0,4.5,0.19,0.22,0.205,9.5,57.82,1,1
2026-07-10T14:36:50+00:00,77662872662185363477769673851253706387950886044712794291809841493175968115925,0x1cdf9c66acd6c4ab6fb052627a86950c4dc6773ab6b22e96b38c32cc924689bb,Will Kraken's valuation hit (HIGH) $12.5B by December 31?,Crypto,20.0,50.0,4.5,0.55,0.56,0.555,645.22,202.49,2,1
2026-07-10T14:36:50+00:00,32187556020911305358454952532869324536597855288184490948613524328765022355862,0xf0a6cb0a03c8e0eb5e38d4edb6eb9630df6c6e835625337cd03a22fdc7bca39b,Will Kraken's valuation hit (LOW) $10B by December 31?,Crypto,20.0,50.0,4.5,0.72,0.79,0.755,31.07,1.33,2,1
2026-07-10T14:36:50+00:00,42397317820589543003493195114353191201702175105789383327696392379896948278290,0x5c11b7bc6d6795e1ac7978dd4c9c4bdd1febc5ca71a5557e7b3e840127cde2d4,Will Kraken's valuation hit (HIGH) $22.5B by December 31?,Crypto,20.0,50.0,4.5,0.19,0.21,0.2,258.27,364.17,3,2
2026-07-10T14:36:50+00:00,46285539774592557138324692880898920515189407458189841200111778679932987338100,0xbec8b2df737f0bb871cd9cbec6ba26d3e9bff46af16e04424c4e075798732240,"Michael Saylor federally charged by December 31, 2026?",Politics,20.0,50.0,4.5,0.06,0.07,0.065,951.93,1301.63,4,5
2026-07-10T14:36:50+00:00,43187333641922996188398060383389814287787647811837308994701068387397271207198,0x0e7b7cc2649466ce6dfed9cf49611630fe986b31fba84ec01107e0a50f1534bb,Extended FDV above $3B one day after launch?,Crypto,3.0,30.0,4.5,0.041,0.042,0.0415,34.99,40.23,15,10
2026-07-10T14:36:50+00:00,62780808278969531638786026928407853049620076930842963388102875757599323764741,0x8329bdd734ac55ee38848a6730c8cf80a604441164038d60e6e0c2acb034986c,Will Snapchat be acquired before 2027?,Prediction Markets,5.0,20.0,5.5,0.2,0.209,0.2045,216.71,290.4,8,9
2026-07-10T14:36:50+00:00,7542437468156958963085282310210526488532310459870037284043838227272438514792,0xbc63ab257269b6d88696a7c395c22a032dd8bcaec0f20b22083ac17dd8a9221c,Will John James win the 2026 Michigan Governor Republican primary election?,Politics,15.0,50.0,5.5,0.85,0.87,0.86,1135.64,3463.51,5,5
2026-07-10T14:36:50+00:00,111324928603828804424107098707648604143021759890404592673036598638076199443376,0x32426b6cb4c1c191e607c76dd121677d92b7a36299d8d0541cd54e9e0564aede,Will the Republican Party win the TX-31 House seat?,Politics,3.0,50.0,5.5,0.81,0.83,0.82,1057.5,3623.63,5,5
2026-07-10T14:36:50+00:00,110154721038568552453699357958709798501775671607304208004274771081047834890368,0xd75ce5a2e0255ab0be626ab545199179e6b4e31cb0ae8a091912b1c15e0ce9f0,Will the Republican Party win the AL-05 House seat?,Politics,3.0,50.0,5.5,0.9,0.92,0.91,2082.04,3668.45,3,5
2026-07-10T14:36:50+00:00,24813573888096936431248907171074227805792304642433856217563094722570850613417,0x37b4fd9e4e688b9fb124db1a58ae2c601bc87b1d283690b64885c09bfac66359,Will Brazil’s Annual Inflation in 2026 be between 4.50% and 4.99%?,Inflation,19.0,50.0,4.5,0.254,0.277,0.2655,223.39,171.38,7,14
2026-07-10T14:36:50+00:00,31844421127747452247920361772593140342967161564902355004027803194678743954899,0x0a1a5f0cd3445aee7ec41eb2756dada597876031c718f31a9bf6ddde8250be6f,Amazon 2026 capex above $180B?,Finance,10.0,40.0,4.5,0.88,0.91,0.895,143.62,215.05,4,4
2026-07-10T14:36:50+00:00,18611732449678098700931668464338449245178399189890817886367682429276057083402,0x47027f725e288491ebd5c0fff82b13cd590c643ba955caaf8802f4a5b492562a,Will Benjamin Netanyahu be arrested before 2027?,Politics,3.0,20.0,5.5,0.01,0.055,0.0325,24.58,52.88,4,10
2026-07-10T14:36:50+00:00,21652960278469075147569736292809888633051522849523510195313915015944487532508,0x49b5da64dea470e2840929ba0a747acbb6d9652af3998062ae06920dbb6a4d26,"Will any AI model reach 1550 Overall Arena Score by September 30, 2026?",AI,5.0,20.0,4.5,0.07,0.08,0.075,147.5,166.45,4,4
2026-07-10T14:36:50+00:00,99941048108287401413041958326146135359411440461224436632098524292424370177429,0x26464981df1ebef81d247b2661051ac8c2e701386e22f8c17482039038e25201,Will Brown-Forman be acquired before 2027?,Prediction Markets,5.0,20.0,5.5,0.31,0.44,0.375,0,0,0,0
2026-07-10T14:36:50+00:00,40824907166850586025878811844307418393722673716741266487343551637300203814505,0x487e25eae2e28abb1626816addd95cac7b9dac695f409b43a496cda58c4e5ae9,3Jane FDV above $600M one day after launch?,Crypto,3.0,30.0,4.5,0.106,0.232,0.169,0,0,0,0
2026-07-10T14:36:50+00:00,1274038380411227444337826625596844390780929675328234454434820084248279921832,0x688510fa5349e5503fab2abb3173164849e7c81ec1ad409c0b1106718c832bdd,Will François Ruffin advance to the second round of the next French presidential,Politics,10.0,50.0,4.5,0.033,0.036,0.0345,210.72,81.52,15,8
2026-07-10T14:36:50+00:00,52712239783184234548588791850139156143544951804000081428207708641636591382991,0xf13cdaa259a0d6f6a291dd0e639d436a5c65c8f6790a6060d1c12ced2774b879,Will Apple (AAPL) hit (HIGH) $344 in July?,Finance,10.0,50.0,4.5,0.075,0.129,0.102,5.03,70.86,3,2
2026-07-10T14:36:50+00:00,87600013013062523385204216928486513658898555587183747365827856588802728728667,0xbad9136443e2a9768e806a0631d452226bc720779ff8b3323497681d2c373636,Will UK annual inflation be 2.1% or less in June?,Inflation,7.0,50.0,4.5,0.27,0.34,0.305,15.46,3.4,1,1
2026-07-10T14:36:50+00:00,114804885119586861181006433123478686738686247781841436172689554713871645530872,0xc6a61b6714f2f63da1e9d9de866daa437c82d5203cac307fc312002cbbce30f6,"Will OnRe launch a token by March 31, 2027?",Crypto,3.0,30.0,4.5,0.34,0.8,0.57,0,0,0,0
2026-07-10T14:36:50+00:00,25767928125702572133956081031439478056792759904575898589846361935672972905723,0xffc16258569f2a06c10251372526b95af401f0cf0435d7c09ad10807c047bd06,Will the Colorado Rockies have the highest ABS success rate during the 2026 MLB ,Sports,13.0,20.0,4.5,0.018,0.03,0.024,39.77,119.29,7,4
2026-07-10T14:36:50+00:00,17196074217634858268906853226396703567063440959664521473419646783587079898170,0x0a9e9f5c8c22ecaea859a4d18388107c16643b29dcb145d56e71990325726fa5,Will Mike Thompson win the CA-04 House seat?,Politics,3.0,50.0,5.5,0.84,0.86,0.85,659.49,899.66,3,3
2026-07-10T14:36:50+00:00,71412836975432258393284313060575684085196493816776193489657621197366481442958,0x7a8a627e78c29401c200f7aa28e5316bae0823c317069e0a166c4ac4fa0d63e2,Over $30M committed to the Credible public sale?,Crypto,5.0,50.0,4.5,0.4,0.53,0.465,0,0,0,0
2026-07-10T14:36:50+00:00,94929535739967348495964124633951902232657597433879136887970488057979487070863,0x051a01101059acebe8a23f5048f80b006de8e9c60344ae461290229178416b6f,Will RTX (RTX) Q2 Pratt & Whitney sales be above $9B?,Finance,10.0,40.0,4.5,0.18,0.5,0.34,0,0,0,0
2026-07-10T14:36:50+00:00,97888401633844007670740198807128890909741049510156842908258745681819057811812,0x13403eb2e27f2b965b5a4c9caa6a8344e1807fd6881e1222e4a8978c14b47192,Danaher (DHR) Q2 non-GAAP core revenue growth 4.5%+?,Finance,19.0,20.0,4.5,0.09,0.1,0.095,7.82,59.69,4,4
2026-07-10T14:36:50+00:00,85388453075544603400099026211413523695512232446172137103229667533253560595315,0x668be22a58a5e416b813267f65b2883e4bfe6ad559b89d147475a74d2819fe03,Will the highest temperature in Milan be 33°C on July 11?,Weather,15.0,20.0,4.5,0.09,0.1,0.095,61.23,57.81,5,5
